"HITId","HITTypeId","Title","Description","Keywords","Reward","CreationTime","MaxAssignments","RequesterAnnotation","AssignmentDurationInSeconds","AutoApprovalDelayInSeconds","Expiration","NumberOfSimilarHITs","LifetimeInSeconds","AssignmentId","WorkerId","AssignmentStatus","AcceptTime","SubmitTime","AutoApprovalTime","ApprovalTime","RejectionTime","RequesterFeedback","WorkTimeInSeconds","LifetimeApprovalRate","Last30DaysApprovalRate","Last7DaysApprovalRate","Answer.surveycode","Answer.task-set-eval","Answer.task-set-rating","Approve","Reject"
"3P0I4CQYV0IYPETVOP48ZTV1KWEOW3","3IP45TONNI8XSIUTMJHDLVPKRVA8I7","Task Completion","Complete tasks based on your preferences","easy, research, microtasks","$0.25","Tue Feb 11 01:48:32 PST 2020","110","BatchId:3917248;OriginalHitTemplateId:928390828;","3600","345600","Mon Feb 17 15:59:59 PST 2020","","","304SM51WA6FOLNK6QHUNL3O3S5KSBB","A4C4JPLX3M246","Approved","Sun Feb 16 05:10:58 PST 2020","Sun Feb 16 05:30:27 PST 2020","Thu Feb 20 05:30:27 PST 2020","Thu Feb 20 05:31:14 PST 2020","","","1169","100% (6/6)","100% (6/6)","100% (5/5)","yEhEBCPb7Z","easy|similar","4"
"3P0I4CQYV0IYPETVOP48ZTV1KWEOW3","3IP45TONNI8XSIUTMJHDLVPKRVA8I7","Task Completion","Complete tasks based on your preferences","easy, research, microtasks","$0.25","Tue Feb 11 01:48:32 PST 2020","110","BatchId:3917248;OriginalHitTemplateId:928390828;","3600","345600","Mon Feb 17 15:59:59 PST 2020","","","308Q0PEVBBOG3G2DNLMDQVNQVPD9IO","AYZ10DNMOH3GG","Approved","Wed Feb 12 10:37:53 PST 2020","Wed Feb 12 10:42:20 PST 2020","Sun Feb 16 10:42:20 PST 2020","Sun Feb 16 10:43:14 PST 2020","","","267","100% (7/7)","100% (7/7)","0% (0/0)","gArRABhGfX","challenging","4"
"3P0I4CQYV0IYPETVOP48ZTV1KWEOW3","3IP45TONNI8XSIUTMJHDLVPKRVA8I7","Task Completion","Complete tasks based on your preferences","easy, research, microtasks","$0.25","Tue Feb 11 01:48:32 PST 2020","110","BatchId:3917248;OriginalHitTemplateId:928390828;","3600","345600","Mon Feb 17 15:59:59 PST 2020","","","30OG32W0SXMPCD4LSCFRNHKI7FRNEJ","A19QMK6Z98GB7R","Approved","Tue Feb 11 06:06:50 PST 2020","Tue Feb 11 06:27:34 PST 2020","Sat Feb 15 06:27:34 PST 2020","Sat Feb 15 06:27:46 PST 2020","","","1244","100% (7/7)","100% (7/7)","0% (0/0)","ZoxKkwamfK","challenging|similar","3"
"3P0I4CQYV0IYPETVOP48ZTV1KWEOW3","3IP45TONNI8XSIUTMJHDLVPKRVA8I7","Task Completion","Complete tasks based on your preferences","easy, research, microtasks","$0.25","Tue Feb 11 01:48:32 PST 2020","110","BatchId:3917248;OriginalHitTemplateId:928390828;","3600","345600","Mon Feb 17 15:59:59 PST 2020","","","30X31N5D661J2DFEK3URQS4XA16SAF","A1G6FOCQ4G967A","Approved","Tue Feb 11 14:11:20 PST 2020","Tue Feb 11 14:32:05 PST 2020","Sat Feb 15 14:32:05 PST 2020","Sat Feb 15 14:32:46 PST 2020","","","1245","100% (7/7)","100% (7/7)","0% (0/0)","UGCZs25zj2","easy|challenging","5"
"3P0I4CQYV0IYPETVOP48ZTV1KWEOW3","3IP45TONNI8XSIUTMJHDLVPKRVA8I7","Task Completion","Complete tasks based on your preferences","easy, research, microtasks","$0.25","Tue Feb 11 01:48:32 PST 2020","110","BatchId:3917248;OriginalHitTemplateId:928390828;","3600","345600","Mon Feb 17 15:59:59 PST 2020","","","31IBVUNM9VAUQWDQPELOFGZV671FVG","A2NWJYV01PP63C","Approved","Sun Feb 16 02:12:41 PST 2020","Sun Feb 16 02:27:13 PST 2020","Thu Feb 20 02:27:13 PST 2020","Thu Feb 20 02:27:14 PST 2020","","","872","100% (6/6)","100% (6/6)","100% (5/5)","5CXo2V3Xzz","challenging","5"
"3P0I4CQYV0IYPETVOP48ZTV1KWEOW3","3IP45TONNI8XSIUTMJHDLVPKRVA8I7","Task Completion","Complete tasks based on your preferences","easy, research, microtasks","$0.25","Tue Feb 11 01:48:32 PST 2020","110","BatchId:3917248;OriginalHitTemplateId:928390828;","3600","345600","Mon Feb 17 15:59:59 PST 2020","","","31LVTDXBLALOXH6525JC9WFCIEVRLN","A1VU3AAUHYB1B3","Approved","Wed Feb 12 02:46:05 PST 2020","Wed Feb 12 02:54:54 PST 2020","Sun Feb 16 02:54:54 PST 2020","Sun Feb 16 02:55:46 PST 2020","","","529","100% (7/7)","100% (7/7)","100% (2/2)","k27zXxihV3","similar","2"
"3P0I4CQYV0IYPETVOP48ZTV1KWEOW3","3IP45TONNI8XSIUTMJHDLVPKRVA8I7","Task Completion","Complete tasks based on your preferences","easy, research, microtasks","$0.25","Tue Feb 11 01:48:32 PST 2020","110","BatchId:3917248;OriginalHitTemplateId:928390828;","3600","345600","Mon Feb 17 15:59:59 PST 2020","","","31Q0U3WYDSQ1PRIM0H3NK0FYJY671C","A2BCYSJDAAQ3XA","Approved","Wed Feb 12 11:12:53 PST 2020","Wed Feb 12 11:19:12 PST 2020","Sun Feb 16 11:19:12 PST 2020","Sun Feb 16 11:19:14 PST 2020","","","379","100% (7/7)","100% (7/7)","0% (0/0)","LirFWnEoZx","easy|similar","5"
"3P0I4CQYV0IYPETVOP48ZTV1KWEOW3","3IP45TONNI8XSIUTMJHDLVPKRVA8I7","Task Completion","Complete tasks based on your preferences","easy, research, microtasks","$0.25","Tue Feb 11 01:48:32 PST 2020","110","BatchId:3917248;OriginalHitTemplateId:928390828;","3600","345600","Mon Feb 17 15:59:59 PST 2020","","","31QNSG6A5U4J0R27Z2C2ZA26X9Q87L","A1H02T7P69OQ7F","Approved","Thu Feb 13 09:54:00 PST 2020","Thu Feb 13 10:06:34 PST 2020","Mon Feb 17 10:06:34 PST 2020","Mon Feb 17 10:07:14 PST 2020","","","754","100% (5/5)","100% (5/5)","100% (2/2)","z2gVHQ608J","easy|similar","5"
"3P0I4CQYV0IYPETVOP48ZTV1KWEOW3","3IP45TONNI8XSIUTMJHDLVPKRVA8I7","Task Completion","Complete tasks based on your preferences","easy, research, microtasks","$0.25","Tue Feb 11 01:48:32 PST 2020","110","BatchId:3917248;OriginalHitTemplateId:928390828;","3600","345600","Mon Feb 17 15:59:59 PST 2020","","","320DUZ38GAXRD19RJ9DNUDODCG0GJZ","A2D2MD5O79XHXY","Approved","Wed Feb 12 06:57:14 PST 2020","Wed Feb 12 07:11:12 PST 2020","Sun Feb 16 07:11:12 PST 2020","Sun Feb 16 07:11:46 PST 2020","","","838","100% (7/7)","100% (7/7)","0% (0/0)","bI2YKuzJuq","easy","4"
"3P0I4CQYV0IYPETVOP48ZTV1KWEOW3","3IP45TONNI8XSIUTMJHDLVPKRVA8I7","Task Completion","Complete tasks based on your preferences","easy, research, microtasks","$0.25","Tue Feb 11 01:48:32 PST 2020","110","BatchId:3917248;OriginalHitTemplateId:928390828;","3600","345600","Mon Feb 17 15:59:59 PST 2020","","","326O153BML9GQ1D83I1ORC8OUCPDEU","AV8JH6BU0LTCR","Approved","Tue Feb 11 10:42:47 PST 2020","Tue Feb 11 10:52:19 PST 2020","Sat Feb 15 10:52:19 PST 2020","Sat Feb 15 10:52:46 PST 2020","","","572","100% (6/6)","100% (6/6)","0% (0/0)","vDLMcdEq7q","challenging|diverse","5"
"3P0I4CQYV0IYPETVOP48ZTV1KWEOW3","3IP45TONNI8XSIUTMJHDLVPKRVA8I7","Task Completion","Complete tasks based on your preferences","easy, research, microtasks","$0.25","Tue Feb 11 01:48:32 PST 2020","110","BatchId:3917248;OriginalHitTemplateId:928390828;","3600","345600","Mon Feb 17 15:59:59 PST 2020","","","32N49TQG3JTZU5WIEYZW1FO4970AV6","AWIJA22L1YW6N","Approved","Tue Feb 11 20:10:04 PST 2020","Tue Feb 11 20:19:05 PST 2020","Sat Feb 15 20:19:05 PST 2020","Sat Feb 15 20:19:46 PST 2020","","","541","100% (7/7)","100% (7/7)","0% (0/0)","H4MpAw1J3t","easy","3"
"3P0I4CQYV0IYPETVOP48ZTV1KWEOW3","3IP45TONNI8XSIUTMJHDLVPKRVA8I7","Task Completion","Complete tasks based on your preferences","easy, research, microtasks","$0.25","Tue Feb 11 01:48:32 PST 2020","110","BatchId:3917248;OriginalHitTemplateId:928390828;","3600","345600","Mon Feb 17 15:59:59 PST 2020","","","32SVAV9L3IKFIWUZUOTQIKWLIN1A33","A262EK9JW5FTK4","Approved","Wed Feb 12 00:23:59 PST 2020","Wed Feb 12 00:29:54 PST 2020","Sun Feb 16 00:29:54 PST 2020","Sun Feb 16 00:30:46 PST 2020","","","355","100% (7/7)","100% (7/7)","0% (0/0)","wtamwwyB2g","similar","3"
"3P0I4CQYV0IYPETVOP48ZTV1KWEOW3","3IP45TONNI8XSIUTMJHDLVPKRVA8I7","Task Completion","Complete tasks based on your preferences","easy, research, microtasks","$0.25","Tue Feb 11 01:48:32 PST 2020","110","BatchId:3917248;OriginalHitTemplateId:928390828;","3600","345600","Mon Feb 17 15:59:59 PST 2020","","","33FBRBDW6RAPC8X3QJKDFWUKYVOC8B","A2XMKA4PI5O0C","Approved","Sat Feb 15 13:25:22 PST 2020","Sat Feb 15 13:39:45 PST 2020","Wed Feb 19 13:39:45 PST 2020","Wed Feb 19 13:40:14 PST 2020","","","863","100% (7/7)","100% (7/7)","100% (3/3)","6E30EjbZgl","challenging","5"
"3P0I4CQYV0IYPETVOP48ZTV1KWEOW3","3IP45TONNI8XSIUTMJHDLVPKRVA8I7","Task Completion","Complete tasks based on your preferences","easy, research, microtasks","$0.25","Tue Feb 11 01:48:32 PST 2020","110","BatchId:3917248;OriginalHitTemplateId:928390828;","3600","345600","Mon Feb 17 15:59:59 PST 2020","","","34FNN24DCPKJSTF6ODVZ03CCZ9PY5J","A30MVTZP96EHL4","Approved","Tue Feb 11 18:34:17 PST 2020","Tue Feb 11 18:40:36 PST 2020","Sat Feb 15 18:40:36 PST 2020","Sat Feb 15 18:40:46 PST 2020","","","379","100% (7/7)","100% (7/7)","0% (0/0)","0JResLtrEy","similar","2"
"3P0I4CQYV0IYPETVOP48ZTV1KWEOW3","3IP45TONNI8XSIUTMJHDLVPKRVA8I7","Task Completion","Complete tasks based on your preferences","easy, research, microtasks","$0.25","Tue Feb 11 01:48:32 PST 2020","110","BatchId:3917248;OriginalHitTemplateId:928390828;","3600","345600","Mon Feb 17 15:59:59 PST 2020","","","34FNN24DCPKJSTF6ODVZ03CCZCX5Y4","A3C7Z9ALUTSXHX","Approved","Wed Feb 12 07:03:58 PST 2020","Wed Feb 12 07:09:03 PST 2020","Sun Feb 16 07:09:03 PST 2020","Sun Feb 16 07:09:46 PST 2020","","","305","100% (6/6)","100% (6/6)","0% (0/0)","GCjw44wrms","challenging","4"
"3P0I4CQYV0IYPETVOP48ZTV1KWEOW3","3IP45TONNI8XSIUTMJHDLVPKRVA8I7","Task Completion","Complete tasks based on your preferences","easy, research, microtasks","$0.25","Tue Feb 11 01:48:32 PST 2020","110","BatchId:3917248;OriginalHitTemplateId:928390828;","3600","345600","Mon Feb 17 15:59:59 PST 2020","","","354P56DE9NE1JBHGD0I7G1279W47SD","A1SE0JWWA7WH5L","Approved","Wed Feb 12 01:41:01 PST 2020","Wed Feb 12 02:02:16 PST 2020","Sun Feb 16 02:02:16 PST 2020","Sun Feb 16 02:02:46 PST 2020","","","1275","100% (7/7)","100% (7/7)","0% (0/0)","80gCsGE2TT","easy|similar","3"
"3P0I4CQYV0IYPETVOP48ZTV1KWEOW3","3IP45TONNI8XSIUTMJHDLVPKRVA8I7","Task Completion","Complete tasks based on your preferences","easy, research, microtasks","$0.25","Tue Feb 11 01:48:32 PST 2020","110","BatchId:3917248;OriginalHitTemplateId:928390828;","3600","345600","Mon Feb 17 15:59:59 PST 2020","","","3570Y55XZSUH8Q4Q59EQ4031OFVYGM","A1LQQ7UQKJYITI","Approved","Tue Feb 11 09:33:58 PST 2020","Tue Feb 11 09:41:12 PST 2020","Sat Feb 15 09:41:12 PST 2020","Sat Feb 15 09:41:46 PST 2020","","","434","100% (7/7)","100% (7/7)","0% (0/0)","njg417l68l","similar","4"
"3P0I4CQYV0IYPETVOP48ZTV1KWEOW3","3IP45TONNI8XSIUTMJHDLVPKRVA8I7","Task Completion","Complete tasks based on your preferences","easy, research, microtasks","$0.25","Tue Feb 11 01:48:32 PST 2020","110","BatchId:3917248;OriginalHitTemplateId:928390828;","3600","345600","Mon Feb 17 15:59:59 PST 2020","","","3570Y55XZSUH8Q4Q59EQ4031P0DYGB","A2VB559SBL3KKB","Approved","Sat Feb 15 00:25:56 PST 2020","Sat Feb 15 00:32:56 PST 2020","Wed Feb 19 00:32:56 PST 2020","Wed Feb 19 00:33:14 PST 2020","","","420","100% (7/7)","100% (7/7)","100% (3/3)","nBaSCM6non","easy","5"
"3P0I4CQYV0IYPETVOP48ZTV1KWEOW3","3IP45TONNI8XSIUTMJHDLVPKRVA8I7","Task Completion","Complete tasks based on your preferences","easy, research, microtasks","$0.25","Tue Feb 11 01:48:32 PST 2020","110","BatchId:3917248;OriginalHitTemplateId:928390828;","3600","345600","Mon Feb 17 15:59:59 PST 2020","","","358UUM7WR2EPIWH3YBI2QRXBN0KR7K","A3OW4Y37UD3SML","Approved","Thu Feb 13 07:53:29 PST 2020","Thu Feb 13 08:15:37 PST 2020","Mon Feb 17 08:15:37 PST 2020","Mon Feb 17 08:16:14 PST 2020","","","1328","100% (7/7)","100% (7/7)","100% (6/6)","ASZ24lAe8n","challenging|similar","3"
"3P0I4CQYV0IYPETVOP48ZTV1KWEOW3","3IP45TONNI8XSIUTMJHDLVPKRVA8I7","Task Completion","Complete tasks based on your preferences","easy, research, microtasks","$0.25","Tue Feb 11 01:48:32 PST 2020","110","BatchId:3917248;OriginalHitTemplateId:928390828;","3600","345600","Mon Feb 17 15:59:59 PST 2020","","","358UUM7WR2EPIWH3YBI2QRXBNU0R7O","A3USIJJCFXMG33","Approved","Wed Feb 12 05:07:41 PST 2020","Wed Feb 12 05:13:46 PST 2020","Sun Feb 16 05:13:46 PST 2020","Sun Feb 16 05:14:46 PST 2020","","","365","100% (7/7)","100% (7/7)","0% (0/0)","GmFXZi4yLi","easy","5"
"3P0I4CQYV0IYPETVOP48ZTV1KWEOW3","3IP45TONNI8XSIUTMJHDLVPKRVA8I7","Task Completion","Complete tasks based on your preferences","easy, research, microtasks","$0.25","Tue Feb 11 01:48:32 PST 2020","110","BatchId:3917248;OriginalHitTemplateId:928390828;","3600","345600","Mon Feb 17 15:59:59 PST 2020","","","35GCEFQ6I8ZGJ4276G9PZDNURTP3ZK","AR73R3ZQI14UA","Approved","Sun Feb 16 09:53:39 PST 2020","Sun Feb 16 10:05:19 PST 2020","Thu Feb 20 10:05:19 PST 2020","Thu Feb 20 10:06:14 PST 2020","","","700","100% (5/5)","100% (5/5)","100% (3/3)","J5itNHoJ3m","easy|similar","4"
"3P0I4CQYV0IYPETVOP48ZTV1KWEOW3","3IP45TONNI8XSIUTMJHDLVPKRVA8I7","Task Completion","Complete tasks based on your preferences","easy, research, microtasks","$0.25","Tue Feb 11 01:48:32 PST 2020","110","BatchId:3917248;OriginalHitTemplateId:928390828;","3600","345600","Mon Feb 17 15:59:59 PST 2020","","","35USIKEBNURLZYB6MUWTBTS5QGLN6E","A114PW6DJ5SEMR","Approved","Tue Feb 11 02:58:20 PST 2020","Tue Feb 11 03:01:41 PST 2020","Sat Feb 15 03:01:41 PST 2020","Sat Feb 15 03:01:46 PST 2020","","","201","100% (2/2)","100% (2/2)","0% (0/0)","Fv34YOlnGN","easy|similar","3"
"3P0I4CQYV0IYPETVOP48ZTV1KWEOW3","3IP45TONNI8XSIUTMJHDLVPKRVA8I7","Task Completion","Complete tasks based on your preferences","easy, research, microtasks","$0.25","Tue Feb 11 01:48:32 PST 2020","110","BatchId:3917248;OriginalHitTemplateId:928390828;","3600","345600","Mon Feb 17 15:59:59 PST 2020","","","3634BBTX0R5P4QTQQ7M50R91YKSIF3","A2343T22LV1V17","Approved","Tue Feb 11 16:50:35 PST 2020","Tue Feb 11 17:01:37 PST 2020","Sat Feb 15 17:01:37 PST 2020","Sat Feb 15 17:01:46 PST 2020","","","662","100% (5/5)","100% (5/5)","100% (2/2)","J1L10O5VMD","challenging","5"
"3P0I4CQYV0IYPETVOP48ZTV1KWEOW3","3IP45TONNI8XSIUTMJHDLVPKRVA8I7","Task Completion","Complete tasks based on your preferences","easy, research, microtasks","$0.25","Tue Feb 11 01:48:32 PST 2020","110","BatchId:3917248;OriginalHitTemplateId:928390828;","3600","345600","Mon Feb 17 15:59:59 PST 2020","","","36AHBNMV1UNEW6UZ3JDIYF04CX7DY4","ADVLWU71PC7Q6","Approved","Thu Feb 13 01:28:09 PST 2020","Thu Feb 13 01:49:44 PST 2020","Mon Feb 17 01:49:44 PST 2020","Mon Feb 17 01:50:14 PST 2020","","","1295","100% (2/2)","100% (2/2)","100% (1/1)","hALs0aiuJ6","challenging","5"
"3P0I4CQYV0IYPETVOP48ZTV1KWEOW3","3IP45TONNI8XSIUTMJHDLVPKRVA8I7","Task Completion","Complete tasks based on your preferences","easy, research, microtasks","$0.25","Tue Feb 11 01:48:32 PST 2020","110","BatchId:3917248;OriginalHitTemplateId:928390828;","3600","345600","Mon Feb 17 15:59:59 PST 2020","","","37UEWGM5HWJB7A219V1TPH6YK9PR1I","A2KUEMZHTK9724","Approved","Wed Feb 12 08:54:25 PST 2020","Wed Feb 12 09:01:13 PST 2020","Sun Feb 16 09:01:13 PST 2020","Sun Feb 16 09:01:14 PST 2020","","","408","100% (7/7)","100% (7/7)","0% (0/0)","IUgNBalYdo","similar","3"
"3P0I4CQYV0IYPETVOP48ZTV1KWEOW3","3IP45TONNI8XSIUTMJHDLVPKRVA8I7","Task Completion","Complete tasks based on your preferences","easy, research, microtasks","$0.25","Tue Feb 11 01:48:32 PST 2020","110","BatchId:3917248;OriginalHitTemplateId:928390828;","3600","345600","Mon Feb 17 15:59:59 PST 2020","","","37UEWGM5HWJB7A219V1TPH6YKD41RF","A1SW2B761CAR48","Approved","Thu Feb 13 05:13:40 PST 2020","Thu Feb 13 05:17:38 PST 2020","Mon Feb 17 05:17:38 PST 2020","Mon Feb 17 05:18:14 PST 2020","","","238","100% (3/3)","100% (3/3)","100% (2/2)","VMpBMzLib0","similar","4"
"3P0I4CQYV0IYPETVOP48ZTV1KWEOW3","3IP45TONNI8XSIUTMJHDLVPKRVA8I7","Task Completion","Complete tasks based on your preferences","easy, research, microtasks","$0.25","Tue Feb 11 01:48:32 PST 2020","110","BatchId:3917248;OriginalHitTemplateId:928390828;","3600","345600","Mon Feb 17 15:59:59 PST 2020","","","386PBUZZXI87ZTNSU0A375TL8XLLJ9","AHPW5R1OVKV1X","Approved","Wed Feb 12 06:46:01 PST 2020","Wed Feb 12 07:04:38 PST 2020","Sun Feb 16 07:04:38 PST 2020","Sun Feb 16 07:04:46 PST 2020","","","1117","100% (7/7)","100% (7/7)","0% (0/0)","tLGGNMtMcL","challenging|similar","5"
"3P0I4CQYV0IYPETVOP48ZTV1KWEOW3","3IP45TONNI8XSIUTMJHDLVPKRVA8I7","Task Completion","Complete tasks based on your preferences","easy, research, microtasks","$0.25","Tue Feb 11 01:48:32 PST 2020","110","BatchId:3917248;OriginalHitTemplateId:928390828;","3600","345600","Mon Feb 17 15:59:59 PST 2020","","","388U7OUMFACB0LHJDCXTBCNOFG4R0Y","A3C5GKBHN1Z6A6","Approved","Wed Feb 12 06:48:17 PST 2020","Wed Feb 12 06:52:54 PST 2020","Sun Feb 16 06:52:54 PST 2020","Sun Feb 16 06:53:46 PST 2020","","","277","100% (3/3)","100% (3/3)","100% (1/1)","gXltA0PiVu","easy|challenging","5"
"3P0I4CQYV0IYPETVOP48ZTV1KWEOW3","3IP45TONNI8XSIUTMJHDLVPKRVA8I7","Task Completion","Complete tasks based on your preferences","easy, research, microtasks","$0.25","Tue Feb 11 01:48:32 PST 2020","110","BatchId:3917248;OriginalHitTemplateId:928390828;","3600","345600","Mon Feb 17 15:59:59 PST 2020","","","38SKSKU7R48B4I3MCIP3V4ELVF0LIV","AUGN7P7HPWY1H","Approved","Tue Feb 11 13:39:16 PST 2020","Tue Feb 11 13:41:44 PST 2020","Sat Feb 15 13:41:44 PST 2020","Sat Feb 15 13:41:46 PST 2020","","","148","100% (7/7)","100% (7/7)","0% (0/0)","lSHJRmWm7u","challenging|similar","4"
"3P0I4CQYV0IYPETVOP48ZTV1KWEOW3","3IP45TONNI8XSIUTMJHDLVPKRVA8I7","Task Completion","Complete tasks based on your preferences","easy, research, microtasks","$0.25","Tue Feb 11 01:48:32 PST 2020","110","BatchId:3917248;OriginalHitTemplateId:928390828;","3600","345600","Mon Feb 17 15:59:59 PST 2020","","","39DD6S19JSMJT2I4V0QLI4RRIF8EZ9","A2SSPAENTZA7YH","Approved","Sat Feb 15 04:42:08 PST 2020","Sat Feb 15 05:03:06 PST 2020","Wed Feb 19 05:03:06 PST 2020","Wed Feb 19 05:03:14 PST 2020","","","1258","100% (5/5)","100% (5/5)","100% (3/3)","IezioeHSXL","similar","5"
"3P0I4CQYV0IYPETVOP48ZTV1KWEOW3","3IP45TONNI8XSIUTMJHDLVPKRVA8I7","Task Completion","Complete tasks based on your preferences","easy, research, microtasks","$0.25","Tue Feb 11 01:48:32 PST 2020","110","BatchId:3917248;OriginalHitTemplateId:928390828;","3600","345600","Mon Feb 17 15:59:59 PST 2020","","","39DD6S19JSMJT2I4V0QLI4RRIVIEZF","A2H557RQ3T3LPX","Approved","Tue Feb 11 15:09:29 PST 2020","Tue Feb 11 15:12:31 PST 2020","Sat Feb 15 15:12:31 PST 2020","Sat Feb 15 15:12:46 PST 2020","","","182","100% (7/7)","100% (7/7)","0% (0/0)","cMnLPpHDPu","easy","5"
"3P0I4CQYV0IYPETVOP48ZTV1KWEOW3","3IP45TONNI8XSIUTMJHDLVPKRVA8I7","Task Completion","Complete tasks based on your preferences","easy, research, microtasks","$0.25","Tue Feb 11 01:48:32 PST 2020","110","BatchId:3917248;OriginalHitTemplateId:928390828;","3600","345600","Mon Feb 17 15:59:59 PST 2020","","","39K0FND3AKQG4I2906Y5EJ5RH98MAA","AX9LH5UKXP452","Approved","Tue Feb 11 04:02:20 PST 2020","Tue Feb 11 04:14:37 PST 2020","Sat Feb 15 04:14:37 PST 2020","Sat Feb 15 04:14:46 PST 2020","","","737","100% (7/7)","100% (7/7)","100% (4/4)","fRnuDOqxym","challenging","4"
"3P0I4CQYV0IYPETVOP48ZTV1KWEOW3","3IP45TONNI8XSIUTMJHDLVPKRVA8I7","Task Completion","Complete tasks based on your preferences","easy, research, microtasks","$0.25","Tue Feb 11 01:48:32 PST 2020","110","BatchId:3917248;OriginalHitTemplateId:928390828;","3600","345600","Mon Feb 17 15:59:59 PST 2020","","","39N5ACM9HHY8K2PH0GCXZSO2HPXP9D","A10E4LHR5D2K1B","Approved","Mon Feb 17 08:16:05 PST 2020","Mon Feb 17 08:27:56 PST 2020","Fri Feb 21 08:27:56 PST 2020","Fri Feb 21 08:28:14 PST 2020","","","711","100% (6/6)","100% (6/6)","100% (4/4)","DUFdSLbtnZ","diverse","5"
"3P0I4CQYV0IYPETVOP48ZTV1KWEOW3","3IP45TONNI8XSIUTMJHDLVPKRVA8I7","Task Completion","Complete tasks based on your preferences","easy, research, microtasks","$0.25","Tue Feb 11 01:48:32 PST 2020","110","BatchId:3917248;OriginalHitTemplateId:928390828;","3600","345600","Mon Feb 17 15:59:59 PST 2020","","","3A0EX8ZRNBZLH9WFPNMC3PC482FBYU","AHLY43ZD9BNAF","Approved","Tue Feb 11 10:23:25 PST 2020","Tue Feb 11 10:33:38 PST 2020","Sat Feb 15 10:33:38 PST 2020","Sat Feb 15 10:33:47 PST 2020","","","613","100% (7/7)","100% (7/7)","0% (0/0)","QkRO6YSAI8","challenging|similar","5"
"3P0I4CQYV0IYPETVOP48ZTV1KWEOW3","3IP45TONNI8XSIUTMJHDLVPKRVA8I7","Task Completion","Complete tasks based on your preferences","easy, research, microtasks","$0.25","Tue Feb 11 01:48:32 PST 2020","110","BatchId:3917248;OriginalHitTemplateId:928390828;","3600","345600","Mon Feb 17 15:59:59 PST 2020","","","3A1PQ49WVKSYIGOYDQPZBD4SXZD1HF","A25Q9MNP4M7THO","Approved","Wed Feb 12 06:47:58 PST 2020","Wed Feb 12 06:52:37 PST 2020","Sun Feb 16 06:52:37 PST 2020","Sun Feb 16 06:52:46 PST 2020","","","279","100% (7/7)","100% (7/7)","0% (0/0)","1YH21nwbvH","easy","3"
"3P0I4CQYV0IYPETVOP48ZTV1KWEOW3","3IP45TONNI8XSIUTMJHDLVPKRVA8I7","Task Completion","Complete tasks based on your preferences","easy, research, microtasks","$0.25","Tue Feb 11 01:48:32 PST 2020","110","BatchId:3917248;OriginalHitTemplateId:928390828;","3600","345600","Mon Feb 17 15:59:59 PST 2020","","","3AMW0RGHOGDT94TB1QV2HTJMLLMNPV","A28IRFLYL4VL0S","Approved","Tue Feb 11 04:43:59 PST 2020","Tue Feb 11 04:44:14 PST 2020","Sat Feb 15 04:44:14 PST 2020","Sat Feb 15 04:44:46 PST 2020","","","15","100% (3/3)","100% (3/3)","0% (0/0)","A28IRFLYL4VL0S","challenging|similar","4"
"3P0I4CQYV0IYPETVOP48ZTV1KWEOW3","3IP45TONNI8XSIUTMJHDLVPKRVA8I7","Task Completion","Complete tasks based on your preferences","easy, research, microtasks","$0.25","Tue Feb 11 01:48:32 PST 2020","110","BatchId:3917248;OriginalHitTemplateId:928390828;","3600","345600","Mon Feb 17 15:59:59 PST 2020","","","3B3WTRP3DEDCSVOBYI1L3FG95NV298","AWGOTRBZPJYWN","Approved","Tue Feb 11 07:58:56 PST 2020","Tue Feb 11 08:04:13 PST 2020","Sat Feb 15 08:04:13 PST 2020","Sat Feb 15 08:04:46 PST 2020","","","317","100% (7/7)","100% (7/7)","0% (0/0)","FSvTCCDHZD","challenging","2"
"3P0I4CQYV0IYPETVOP48ZTV1KWEOW3","3IP45TONNI8XSIUTMJHDLVPKRVA8I7","Task Completion","Complete tasks based on your preferences","easy, research, microtasks","$0.25","Tue Feb 11 01:48:32 PST 2020","110","BatchId:3917248;OriginalHitTemplateId:928390828;","3600","345600","Mon Feb 17 15:59:59 PST 2020","","","3B837J3LDR7B1U1VMEGDLIT7A9RRSR","A354YHGCCVW4N5","Approved","Wed Feb 12 07:05:47 PST 2020","Wed Feb 12 07:23:14 PST 2020","Sun Feb 16 07:23:14 PST 2020","Sun Feb 16 07:23:46 PST 2020","","","1047","100% (7/7)","100% (7/7)","0% (0/0)","4vF7EvCGyP","similar","4"
"3P0I4CQYV0IYPETVOP48ZTV1KWEOW3","3IP45TONNI8XSIUTMJHDLVPKRVA8I7","Task Completion","Complete tasks based on your preferences","easy, research, microtasks","$0.25","Tue Feb 11 01:48:32 PST 2020","110","BatchId:3917248;OriginalHitTemplateId:928390828;","3600","345600","Mon Feb 17 15:59:59 PST 2020","","","3BDCF01OG05XUIIRG0B6HS89LYVYLB","AHFWMHXRTGDK9","Approved","Tue Feb 11 15:33:10 PST 2020","Tue Feb 11 15:39:46 PST 2020","Sat Feb 15 15:39:46 PST 2020","Sat Feb 15 15:40:46 PST 2020","","","396","100% (7/7)","100% (7/7)","0% (0/0)","cNKDC8kCNh","similar","4"
"3P0I4CQYV0IYPETVOP48ZTV1KWEOW3","3IP45TONNI8XSIUTMJHDLVPKRVA8I7","Task Completion","Complete tasks based on your preferences","easy, research, microtasks","$0.25","Tue Feb 11 01:48:32 PST 2020","110","BatchId:3917248;OriginalHitTemplateId:928390828;","3600","345600","Mon Feb 17 15:59:59 PST 2020","","","3BGYGHDBB0V1SB3CD9M6TS8V0LK22O","A1OS7VYYVLF0AX","Approved","Tue Feb 11 20:48:11 PST 2020","Tue Feb 11 20:55:57 PST 2020","Sat Feb 15 20:55:57 PST 2020","Sat Feb 15 20:56:46 PST 2020","","","466","100% (7/7)","100% (7/7)","0% (0/0)","vRbEuSCmR8","challenging","5"
"3P0I4CQYV0IYPETVOP48ZTV1KWEOW3","3IP45TONNI8XSIUTMJHDLVPKRVA8I7","Task Completion","Complete tasks based on your preferences","easy, research, microtasks","$0.25","Tue Feb 11 01:48:32 PST 2020","110","BatchId:3917248;OriginalHitTemplateId:928390828;","3600","345600","Mon Feb 17 15:59:59 PST 2020","","","3BXQMRHWK290JRG76BFWEKHLOCLUMF","A3TVJTQUSMF8NI","Approved","Tue Feb 11 02:05:10 PST 2020","Tue Feb 11 02:15:44 PST 2020","Sat Feb 15 02:15:44 PST 2020","Sat Feb 15 02:15:46 PST 2020","","","634","100% (7/7)","100% (7/7)","0% (0/0)","WmxEsfTf7Z","challenging|similar","3"
"3P0I4CQYV0IYPETVOP48ZTV1KWEOW3","3IP45TONNI8XSIUTMJHDLVPKRVA8I7","Task Completion","Complete tasks based on your preferences","easy, research, microtasks","$0.25","Tue Feb 11 01:48:32 PST 2020","110","BatchId:3917248;OriginalHitTemplateId:928390828;","3600","345600","Mon Feb 17 15:59:59 PST 2020","","","3CN4LGXD50Z1WAB6A8CPVB6YZB74YT","A1HRH92NH49RX2","Approved","Tue Feb 11 11:12:05 PST 2020","Tue Feb 11 11:18:05 PST 2020","Sat Feb 15 11:18:05 PST 2020","Sat Feb 15 11:18:46 PST 2020","","","360","100% (7/7)","100% (7/7)","0% (0/0)","FzueTvak73","easy","4"
"3P0I4CQYV0IYPETVOP48ZTV1KWEOW3","3IP45TONNI8XSIUTMJHDLVPKRVA8I7","Task Completion","Complete tasks based on your preferences","easy, research, microtasks","$0.25","Tue Feb 11 01:48:32 PST 2020","110","BatchId:3917248;OriginalHitTemplateId:928390828;","3600","345600","Mon Feb 17 15:59:59 PST 2020","","","3DZQRBDBSOQJISGTBOFH3KQR4VT3SH","AEDANPWFSD3KB","Approved","Wed Feb 12 09:31:47 PST 2020","Wed Feb 12 09:36:17 PST 2020","Sun Feb 16 09:36:17 PST 2020","Sun Feb 16 09:37:14 PST 2020","","","270","100% (7/7)","100% (7/7)","0% (0/0)","xT1cb2KRlH","challenging|similar","3"
"3P0I4CQYV0IYPETVOP48ZTV1KWEOW3","3IP45TONNI8XSIUTMJHDLVPKRVA8I7","Task Completion","Complete tasks based on your preferences","easy, research, microtasks","$0.25","Tue Feb 11 01:48:32 PST 2020","110","BatchId:3917248;OriginalHitTemplateId:928390828;","3600","345600","Mon Feb 17 15:59:59 PST 2020","","","3EFE17QCRFGYC0NSQ94J7ER1NZ0SH0","A35UWK03FDJ4KV","Approved","Wed Feb 12 01:57:57 PST 2020","Wed Feb 12 02:04:03 PST 2020","Sun Feb 16 02:04:03 PST 2020","Sun Feb 16 02:04:46 PST 2020","","","366","100% (7/7)","100% (7/7)","0% (0/0)","R5gAW6xQ07","challenging","5"
"3P0I4CQYV0IYPETVOP48ZTV1KWEOW3","3IP45TONNI8XSIUTMJHDLVPKRVA8I7","Task Completion","Complete tasks based on your preferences","easy, research, microtasks","$0.25","Tue Feb 11 01:48:32 PST 2020","110","BatchId:3917248;OriginalHitTemplateId:928390828;","3600","345600","Mon Feb 17 15:59:59 PST 2020","","","3FE2ERCCZ0JBRPTN25VFWIJRBVGPO1","AVEUV5HGMBAQA","Approved","Tue Feb 11 02:58:28 PST 2020","Tue Feb 11 03:06:44 PST 2020","Sat Feb 15 03:06:44 PST 2020","Sat Feb 15 03:06:46 PST 2020","","","496","100% (7/7)","100% (7/7)","0% (0/0)","oARyCdEzkL","easy","4"
"3P0I4CQYV0IYPETVOP48ZTV1KWEOW3","3IP45TONNI8XSIUTMJHDLVPKRVA8I7","Task Completion","Complete tasks based on your preferences","easy, research, microtasks","$0.25","Tue Feb 11 01:48:32 PST 2020","110","BatchId:3917248;OriginalHitTemplateId:928390828;","3600","345600","Mon Feb 17 15:59:59 PST 2020","","","3FTOP5WARIZU2XY657OK9L1X5GM0JP","A33R99HE75VFE3","Approved","Sat Feb 15 04:56:33 PST 2020","Sat Feb 15 05:04:17 PST 2020","Wed Feb 19 05:04:17 PST 2020","Wed Feb 19 05:05:14 PST 2020","","","464","100% (7/7)","100% (7/7)","100% (5/5)","KDKLYm5ktA","challenging","5"
"3P0I4CQYV0IYPETVOP48ZTV1KWEOW3","3IP45TONNI8XSIUTMJHDLVPKRVA8I7","Task Completion","Complete tasks based on your preferences","easy, research, microtasks","$0.25","Tue Feb 11 01:48:32 PST 2020","110","BatchId:3917248;OriginalHitTemplateId:928390828;","3600","345600","Mon Feb 17 15:59:59 PST 2020","","","3GGAI1SQEY94XXZ7KKUWKEVFIKXCMN","A2YMPGADK5MEP0","Approved","Wed Feb 12 11:44:13 PST 2020","Wed Feb 12 11:49:28 PST 2020","Sun Feb 16 11:49:28 PST 2020","Sun Feb 16 11:50:14 PST 2020","","","315","100% (7/7)","100% (7/7)","0% (0/0)","6orbQITenq","challenging","5"
"3P0I4CQYV0IYPETVOP48ZTV1KWEOW3","3IP45TONNI8XSIUTMJHDLVPKRVA8I7","Task Completion","Complete tasks based on your preferences","easy, research, microtasks","$0.25","Tue Feb 11 01:48:32 PST 2020","110","BatchId:3917248;OriginalHitTemplateId:928390828;","3600","345600","Mon Feb 17 15:59:59 PST 2020","","","3HHRAGRYXBGQZ2DGLGZIASJC7EWO9E","A1XQID5VRCNP42","Approved","Sat Feb 15 06:10:44 PST 2020","Sat Feb 15 06:17:01 PST 2020","Wed Feb 19 06:17:01 PST 2020","Wed Feb 19 06:17:14 PST 2020","","","377","100% (6/6)","100% (6/6)","100% (4/4)","1uttCQb2rA","easy","4"
"3P0I4CQYV0IYPETVOP48ZTV1KWEOW3","3IP45TONNI8XSIUTMJHDLVPKRVA8I7","Task Completion","Complete tasks based on your preferences","easy, research, microtasks","$0.25","Tue Feb 11 01:48:32 PST 2020","110","BatchId:3917248;OriginalHitTemplateId:928390828;","3600","345600","Mon Feb 17 15:59:59 PST 2020","","","3HPZF4IVNP44REOL3NI7E9IMRGZYCV","APEV5E6TCEOGQ","Approved","Mon Feb 17 12:17:36 PST 2020","Mon Feb 17 12:30:30 PST 2020","Fri Feb 21 12:30:30 PST 2020","Fri Feb 21 12:31:14 PST 2020","","","774","100% (2/2)","100% (2/2)","100% (1/1)","0Btpsakdb8","easy|similar","5"
"3P0I4CQYV0IYPETVOP48ZTV1KWEOW3","3IP45TONNI8XSIUTMJHDLVPKRVA8I7","Task Completion","Complete tasks based on your preferences","easy, research, microtasks","$0.25","Tue Feb 11 01:48:32 PST 2020","110","BatchId:3917248;OriginalHitTemplateId:928390828;","3600","345600","Mon Feb 17 15:59:59 PST 2020","","","3I02618YA3H64UDKYR7OVOBGU7APU1","A3C59JM3AR7MTI","Approved","Sun Feb 16 13:39:13 PST 2020","Sun Feb 16 13:42:57 PST 2020","Thu Feb 20 13:42:57 PST 2020","Thu Feb 20 13:43:14 PST 2020","","","224","100% (4/4)","100% (4/4)","100% (2/2)","kbwJHdfldj","easy","3"
"3P0I4CQYV0IYPETVOP48ZTV1KWEOW3","3IP45TONNI8XSIUTMJHDLVPKRVA8I7","Task Completion","Complete tasks based on your preferences","easy, research, microtasks","$0.25","Tue Feb 11 01:48:32 PST 2020","110","BatchId:3917248;OriginalHitTemplateId:928390828;","3600","345600","Mon Feb 17 15:59:59 PST 2020","","","3I33IC7ZWIDQXEYGQOFLZARTB4VA2B","A2Z65E2WBVVA2N","Approved","Tue Feb 11 04:38:29 PST 2020","Tue Feb 11 04:51:49 PST 2020","Sat Feb 15 04:51:49 PST 2020","Sat Feb 15 04:52:46 PST 2020","","","800","100% (7/7)","100% (7/7)","0% (0/0)","gn6MJMNcgA","easy|challenging|similar","5"
"3P0I4CQYV0IYPETVOP48ZTV1KWEOW3","3IP45TONNI8XSIUTMJHDLVPKRVA8I7","Task Completion","Complete tasks based on your preferences","easy, research, microtasks","$0.25","Tue Feb 11 01:48:32 PST 2020","110","BatchId:3917248;OriginalHitTemplateId:928390828;","3600","345600","Mon Feb 17 15:59:59 PST 2020","","","3ITXP059PZUU36IIE974JR7G0RBJS3","A21XMG5KSWXX9M","Approved","Wed Feb 12 03:08:57 PST 2020","Wed Feb 12 03:17:56 PST 2020","Sun Feb 16 03:17:56 PST 2020","Sun Feb 16 03:18:46 PST 2020","","","539","100% (7/7)","100% (7/7)","0% (0/0)","StWIQTkPYL","challenging|diverse","5"
"3P0I4CQYV0IYPETVOP48ZTV1KWEOW3","3IP45TONNI8XSIUTMJHDLVPKRVA8I7","Task Completion","Complete tasks based on your preferences","easy, research, microtasks","$0.25","Tue Feb 11 01:48:32 PST 2020","110","BatchId:3917248;OriginalHitTemplateId:928390828;","3600","345600","Mon Feb 17 15:59:59 PST 2020","","","3IXEICO795UJUBGQJQI5KSYXFYF6T6","A2MP227F412SIR","Approved","Tue Feb 11 04:04:26 PST 2020","Tue Feb 11 04:11:11 PST 2020","Sat Feb 15 04:11:11 PST 2020","Sat Feb 15 04:11:46 PST 2020","","","405","100% (7/7)","100% (7/7)","0% (0/0)","c4rEs7F68c","easy|similar","5"
"3P0I4CQYV0IYPETVOP48ZTV1KWEOW3","3IP45TONNI8XSIUTMJHDLVPKRVA8I7","Task Completion","Complete tasks based on your preferences","easy, research, microtasks","$0.25","Tue Feb 11 01:48:32 PST 2020","110","BatchId:3917248;OriginalHitTemplateId:928390828;","3600","345600","Mon Feb 17 15:59:59 PST 2020","","","3K3R2QNK8EELC7XDH2BR9YB1PI1U9E","A1IHUEZVS632K5","Approved","Wed Feb 12 00:08:35 PST 2020","Wed Feb 12 00:10:35 PST 2020","Sun Feb 16 00:10:35 PST 2020","Sun Feb 16 00:10:46 PST 2020","","","120","100% (7/7)","100% (7/7)","0% (0/0)","omwD2RFyWg","easy","5"
"3P0I4CQYV0IYPETVOP48ZTV1KWEOW3","3IP45TONNI8XSIUTMJHDLVPKRVA8I7","Task Completion","Complete tasks based on your preferences","easy, research, microtasks","$0.25","Tue Feb 11 01:48:32 PST 2020","110","BatchId:3917248;OriginalHitTemplateId:928390828;","3600","345600","Mon Feb 17 15:59:59 PST 2020","","","3KGTPGBS60WACNCEWTWCZB3NJDSU2P","AE5DFKX78LO7P","Approved","Wed Feb 12 06:48:29 PST 2020","Wed Feb 12 07:27:24 PST 2020","Sun Feb 16 07:27:24 PST 2020","Sun Feb 16 07:27:46 PST 2020","","","2335","100% (5/5)","100% (5/5)","100% (3/3)","UE58KhJ5tH","challenging|diverse","5"
"3P0I4CQYV0IYPETVOP48ZTV1KWEOW3","3IP45TONNI8XSIUTMJHDLVPKRVA8I7","Task Completion","Complete tasks based on your preferences","easy, research, microtasks","$0.25","Tue Feb 11 01:48:32 PST 2020","110","BatchId:3917248;OriginalHitTemplateId:928390828;","3600","345600","Mon Feb 17 15:59:59 PST 2020","","","3KJYX6QCMCMAVYZM84C9UERNYPOVJQ","A3FIN4CUQQ8RN7","Approved","Tue Feb 11 05:59:30 PST 2020","Tue Feb 11 06:14:37 PST 2020","Sat Feb 15 06:14:37 PST 2020","Sat Feb 15 06:14:46 PST 2020","","","907","100% (7/7)","100% (7/7)","0% (0/0)","VdAxqnrC3v","easy","5"
"3P0I4CQYV0IYPETVOP48ZTV1KWEOW3","3IP45TONNI8XSIUTMJHDLVPKRVA8I7","Task Completion","Complete tasks based on your preferences","easy, research, microtasks","$0.25","Tue Feb 11 01:48:32 PST 2020","110","BatchId:3917248;OriginalHitTemplateId:928390828;","3600","345600","Mon Feb 17 15:59:59 PST 2020","","","3KMS4QQVK51GALJEQA7HD7OEPL1KFT","A29PKMLH38N148","Approved","Tue Feb 11 06:04:20 PST 2020","Tue Feb 11 06:12:28 PST 2020","Sat Feb 15 06:12:28 PST 2020","Sat Feb 15 06:12:46 PST 2020","","","488","100% (7/7)","100% (7/7)","0% (0/0)","3C2dpVNTgw","challenging","2"
"3P0I4CQYV0IYPETVOP48ZTV1KWEOW3","3IP45TONNI8XSIUTMJHDLVPKRVA8I7","Task Completion","Complete tasks based on your preferences","easy, research, microtasks","$0.25","Tue Feb 11 01:48:32 PST 2020","110","BatchId:3917248;OriginalHitTemplateId:928390828;","3600","345600","Mon Feb 17 15:59:59 PST 2020","","","3L6L49WXW383UM1MZ67SKE8549M452","A3IXM7AROZIX0H","Approved","Tue Feb 11 22:40:33 PST 2020","Tue Feb 11 22:48:25 PST 2020","Sat Feb 15 22:48:25 PST 2020","Sat Feb 15 22:48:46 PST 2020","","","472","100% (7/7)","100% (7/7)","0% (0/0)","obTIX6GgOc","challenging|diverse","5"
"3P0I4CQYV0IYPETVOP48ZTV1KWEOW3","3IP45TONNI8XSIUTMJHDLVPKRVA8I7","Task Completion","Complete tasks based on your preferences","easy, research, microtasks","$0.25","Tue Feb 11 01:48:32 PST 2020","110","BatchId:3917248;OriginalHitTemplateId:928390828;","3600","345600","Mon Feb 17 15:59:59 PST 2020","","","3L6L49WXW383UM1MZ67SKE854RQ456","A2XHC6ZH4KNZKV","Approved","Sat Feb 15 09:58:38 PST 2020","Sat Feb 15 10:08:38 PST 2020","Wed Feb 19 10:08:38 PST 2020","Wed Feb 19 10:09:14 PST 2020","","","600","100% (2/2)","100% (2/2)","100% (1/1)","HOSqpKcAPB","easy|similar","5"
"3P0I4CQYV0IYPETVOP48ZTV1KWEOW3","3IP45TONNI8XSIUTMJHDLVPKRVA8I7","Task Completion","Complete tasks based on your preferences","easy, research, microtasks","$0.25","Tue Feb 11 01:48:32 PST 2020","110","BatchId:3917248;OriginalHitTemplateId:928390828;","3600","345600","Mon Feb 17 15:59:59 PST 2020","","","3LBXNTKX0U6DTBR8M7MET5A5J1VX9O","A1V3KOQXC2MUJ6","Approved","Wed Feb 12 02:06:10 PST 2020","Wed Feb 12 02:17:58 PST 2020","Sun Feb 16 02:17:58 PST 2020","Sun Feb 16 02:18:46 PST 2020","","","708","100% (7/7)","100% (7/7)","0% (0/0)","X7mzq60Ffu","similar","5"
"3P0I4CQYV0IYPETVOP48ZTV1KWEOW3","3IP45TONNI8XSIUTMJHDLVPKRVA8I7","Task Completion","Complete tasks based on your preferences","easy, research, microtasks","$0.25","Tue Feb 11 01:48:32 PST 2020","110","BatchId:3917248;OriginalHitTemplateId:928390828;","3600","345600","Mon Feb 17 15:59:59 PST 2020","","","3LOZAJ85YGO2TR691Y7ZJI2RCQF2XK","A1FUQZSFQ2ENEF","Approved","Tue Feb 11 06:37:15 PST 2020","Tue Feb 11 06:58:16 PST 2020","Sat Feb 15 06:58:16 PST 2020","Sat Feb 15 06:58:46 PST 2020","","","1261","100% (7/7)","100% (7/7)","0% (0/0)","Sp73l5PMcY","similar","4"
"3P0I4CQYV0IYPETVOP48ZTV1KWEOW3","3IP45TONNI8XSIUTMJHDLVPKRVA8I7","Task Completion","Complete tasks based on your preferences","easy, research, microtasks","$0.25","Tue Feb 11 01:48:32 PST 2020","110","BatchId:3917248;OriginalHitTemplateId:928390828;","3600","345600","Mon Feb 17 15:59:59 PST 2020","","","3LS2AMNW5I1WR1U22IA4WN91HKSOQ4","A31B5EMKFE9J59","Approved","Mon Feb 17 07:27:19 PST 2020","Mon Feb 17 07:36:51 PST 2020","Fri Feb 21 07:36:51 PST 2020","Fri Feb 21 07:37:14 PST 2020","","","572","100% (4/4)","100% (4/4)","100% (3/3)","iakJRFpCQG","easy","5"
"3P0I4CQYV0IYPETVOP48ZTV1KWEOW3","3IP45TONNI8XSIUTMJHDLVPKRVA8I7","Task Completion","Complete tasks based on your preferences","easy, research, microtasks","$0.25","Tue Feb 11 01:48:32 PST 2020","110","BatchId:3917248;OriginalHitTemplateId:928390828;","3600","345600","Mon Feb 17 15:59:59 PST 2020","","","3M0BCWMB8Y7HS41FAM4OISROY0MWB0","ANMV627610253","Approved","Wed Feb 12 07:16:38 PST 2020","Wed Feb 12 07:23:34 PST 2020","Sun Feb 16 07:23:34 PST 2020","Sun Feb 16 07:23:47 PST 2020","","","416","100% (7/7)","100% (7/7)","0% (0/0)","kuNLXJJB3L","challenging","5"
"3P0I4CQYV0IYPETVOP48ZTV1KWEOW3","3IP45TONNI8XSIUTMJHDLVPKRVA8I7","Task Completion","Complete tasks based on your preferences","easy, research, microtasks","$0.25","Tue Feb 11 01:48:32 PST 2020","110","BatchId:3917248;OriginalHitTemplateId:928390828;","3600","345600","Mon Feb 17 15:59:59 PST 2020","","","3M0BCWMB8Y7HS41FAM4OISROY0VBWO","A3MF5GN0AFDWGN","Approved","Wed Feb 12 08:42:47 PST 2020","Wed Feb 12 09:27:44 PST 2020","Sun Feb 16 09:27:44 PST 2020","Sun Feb 16 09:28:14 PST 2020","","","2697","100% (7/7)","100% (7/7)","0% (0/0)","bD6hqDwxuo","easy|challenging|similar","4"
"3P0I4CQYV0IYPETVOP48ZTV1KWEOW3","3IP45TONNI8XSIUTMJHDLVPKRVA8I7","Task Completion","Complete tasks based on your preferences","easy, research, microtasks","$0.25","Tue Feb 11 01:48:32 PST 2020","110","BatchId:3917248;OriginalHitTemplateId:928390828;","3600","345600","Mon Feb 17 15:59:59 PST 2020","","","3M1CVSFP63G7PX01SZ5MVSPWSLFAQI","A3MG1TXKB2V3V7","Approved","Thu Feb 13 06:28:22 PST 2020","Thu Feb 13 06:36:44 PST 2020","Mon Feb 17 06:36:44 PST 2020","Mon Feb 17 06:37:14 PST 2020","","","502","100% (7/7)","100% (7/7)","100% (6/6)","2Va3poiDFw","easy","5"
"3P0I4CQYV0IYPETVOP48ZTV1KWEOW3","3IP45TONNI8XSIUTMJHDLVPKRVA8I7","Task Completion","Complete tasks based on your preferences","easy, research, microtasks","$0.25","Tue Feb 11 01:48:32 PST 2020","110","BatchId:3917248;OriginalHitTemplateId:928390828;","3600","345600","Mon Feb 17 15:59:59 PST 2020","","","3M81GAB8A3UC875TYD5IQ392AY0BQ4","A1KU5FEHBXTRHC","Approved","Wed Feb 12 06:59:17 PST 2020","Wed Feb 12 07:07:21 PST 2020","Sun Feb 16 07:07:21 PST 2020","Sun Feb 16 07:07:46 PST 2020","","","484","100% (2/2)","100% (2/2)","0% (0/0)","NOAYkGycBj","easy","5"
"3P0I4CQYV0IYPETVOP48ZTV1KWEOW3","3IP45TONNI8XSIUTMJHDLVPKRVA8I7","Task Completion","Complete tasks based on your preferences","easy, research, microtasks","$0.25","Tue Feb 11 01:48:32 PST 2020","110","BatchId:3917248;OriginalHitTemplateId:928390828;","3600","345600","Mon Feb 17 15:59:59 PST 2020","","","3MX2NQ3YCC5USOPWJH9XHP53W0C5XU","A2ACM7E2DF0FBY","Approved","Tue Feb 11 07:40:34 PST 2020","Tue Feb 11 07:46:57 PST 2020","Sat Feb 15 07:46:57 PST 2020","Sat Feb 15 07:47:46 PST 2020","","","383","100% (7/7)","100% (7/7)","0% (0/0)","yQvLb0IoaK","challenging","4"
"3P0I4CQYV0IYPETVOP48ZTV1KWEOW3","3IP45TONNI8XSIUTMJHDLVPKRVA8I7","Task Completion","Complete tasks based on your preferences","easy, research, microtasks","$0.25","Tue Feb 11 01:48:32 PST 2020","110","BatchId:3917248;OriginalHitTemplateId:928390828;","3600","345600","Mon Feb 17 15:59:59 PST 2020","","","3NKQQ8O391GXFXAUTIGTVUURGLVDUT","A17YHLSRIOLN3R","Approved","Sat Feb 15 05:41:10 PST 2020","Sat Feb 15 05:52:47 PST 2020","Wed Feb 19 05:52:47 PST 2020","Wed Feb 19 05:53:14 PST 2020","","","697","100% (7/7)","100% (7/7)","100% (4/4)","SKESmf5SBO","similar","4"
"3P0I4CQYV0IYPETVOP48ZTV1KWEOW3","3IP45TONNI8XSIUTMJHDLVPKRVA8I7","Task Completion","Complete tasks based on your preferences","easy, research, microtasks","$0.25","Tue Feb 11 01:48:32 PST 2020","110","BatchId:3917248;OriginalHitTemplateId:928390828;","3600","345600","Mon Feb 17 15:59:59 PST 2020","","","3NLZY2D53S0OLGR5PQUC4657M9WLQH","A2B7M6DUEI4WGX","Approved","Sat Feb 15 06:22:59 PST 2020","Sat Feb 15 06:32:03 PST 2020","Wed Feb 19 06:32:03 PST 2020","Wed Feb 19 06:32:14 PST 2020","","","544","100% (5/5)","100% (5/5)","100% (3/3)","jwpBdJNd0O","easy","5"
"3P0I4CQYV0IYPETVOP48ZTV1KWEOW3","3IP45TONNI8XSIUTMJHDLVPKRVA8I7","Task Completion","Complete tasks based on your preferences","easy, research, microtasks","$0.25","Tue Feb 11 01:48:32 PST 2020","110","BatchId:3917248;OriginalHitTemplateId:928390828;","3600","345600","Mon Feb 17 15:59:59 PST 2020","","","3NXNZ5RS1D8JEWLH4UIGZ6XHG2Y97A","A26KOGQVJXSXER","Approved","Tue Feb 11 04:32:27 PST 2020","Tue Feb 11 04:46:28 PST 2020","Sat Feb 15 04:46:28 PST 2020","Sat Feb 15 04:46:46 PST 2020","","","841","100% (7/7)","100% (7/7)","0% (0/0)","h5GJQvGS4n","similar","3"
"3P0I4CQYV0IYPETVOP48ZTV1KWEOW3","3IP45TONNI8XSIUTMJHDLVPKRVA8I7","Task Completion","Complete tasks based on your preferences","easy, research, microtasks","$0.25","Tue Feb 11 01:48:32 PST 2020","110","BatchId:3917248;OriginalHitTemplateId:928390828;","3600","345600","Mon Feb 17 15:59:59 PST 2020","","","3OJSZ2ATDV70D9J5145ZNQSFVA275D","A3EUES1SETEUS6","Approved","Tue Feb 11 16:37:44 PST 2020","Tue Feb 11 16:45:45 PST 2020","Sat Feb 15 16:45:45 PST 2020","Sat Feb 15 16:45:46 PST 2020","","","481","100% (3/3)","100% (3/3)","100% (1/1)","oHNriZD6ik","easy","4"
"3P0I4CQYV0IYPETVOP48ZTV1KWEOW3","3IP45TONNI8XSIUTMJHDLVPKRVA8I7","Task Completion","Complete tasks based on your preferences","easy, research, microtasks","$0.25","Tue Feb 11 01:48:32 PST 2020","110","BatchId:3917248;OriginalHitTemplateId:928390828;","3600","345600","Mon Feb 17 15:59:59 PST 2020","","","3OVR4I9USSUSN8KKJYVVIP3W0HUQ4A","A2TBEXK0NIDWEC","Approved","Thu Feb 13 20:20:13 PST 2020","Thu Feb 13 20:29:41 PST 2020","Mon Feb 17 20:29:41 PST 2020","Mon Feb 17 20:30:14 PST 2020","","","568","100% (6/6)","100% (6/6)","100% (5/5)","VQXHoKoyq2","similar","5"
"3P0I4CQYV0IYPETVOP48ZTV1KWEOW3","3IP45TONNI8XSIUTMJHDLVPKRVA8I7","Task Completion","Complete tasks based on your preferences","easy, research, microtasks","$0.25","Tue Feb 11 01:48:32 PST 2020","110","BatchId:3917248;OriginalHitTemplateId:928390828;","3600","345600","Mon Feb 17 15:59:59 PST 2020","","","3P59JYT76OVVCAXPWO62UFHL0Z2T2E","A2OF6YMR4AJDM9","Approved","Wed Feb 12 03:01:48 PST 2020","Wed Feb 12 03:15:15 PST 2020","Sun Feb 16 03:15:15 PST 2020","Sun Feb 16 03:15:46 PST 2020","","","807","100% (2/2)","100% (2/2)","0% (0/0)","dxQFCAF2tn","easy","3"
"3P0I4CQYV0IYPETVOP48ZTV1KWEOW3","3IP45TONNI8XSIUTMJHDLVPKRVA8I7","Task Completion","Complete tasks based on your preferences","easy, research, microtasks","$0.25","Tue Feb 11 01:48:32 PST 2020","110","BatchId:3917248;OriginalHitTemplateId:928390828;","3600","345600","Mon Feb 17 15:59:59 PST 2020","","","3PDJHANYK8RTP2PVJW1G69V9456H6V","A39DY43GBH49SJ","Approved","Tue Feb 11 08:21:58 PST 2020","Tue Feb 11 08:38:12 PST 2020","Sat Feb 15 08:38:12 PST 2020","Sat Feb 15 08:38:46 PST 2020","","","974","100% (7/7)","100% (7/7)","0% (0/0)","ltEe1GlBAw","easy","4"
"3P0I4CQYV0IYPETVOP48ZTV1KWEOW3","3IP45TONNI8XSIUTMJHDLVPKRVA8I7","Task Completion","Complete tasks based on your preferences","easy, research, microtasks","$0.25","Tue Feb 11 01:48:32 PST 2020","110","BatchId:3917248;OriginalHitTemplateId:928390828;","3600","345600","Mon Feb 17 15:59:59 PST 2020","","","3PEIJLRY6W4O574GFIW67PIGGWQWXA","A3KT02CXO9T6Z8","Approved","Tue Feb 11 03:20:58 PST 2020","Tue Feb 11 03:29:02 PST 2020","Sat Feb 15 03:29:02 PST 2020","Sat Feb 15 03:29:46 PST 2020","","","484","100% (7/7)","100% (7/7)","0% (0/0)","6ouAJVPcHQ","diverse","5"
"3P0I4CQYV0IYPETVOP48ZTV1KWEOW3","3IP45TONNI8XSIUTMJHDLVPKRVA8I7","Task Completion","Complete tasks based on your preferences","easy, research, microtasks","$0.25","Tue Feb 11 01:48:32 PST 2020","110","BatchId:3917248;OriginalHitTemplateId:928390828;","3600","345600","Mon Feb 17 15:59:59 PST 2020","","","3PH3VY7DJO8DA24VG0KR4AYRP0WZWR","A3FH8K3XZJADMY","Approved","Tue Feb 11 18:31:06 PST 2020","Tue Feb 11 18:45:04 PST 2020","Sat Feb 15 18:45:04 PST 2020","Sat Feb 15 18:45:46 PST 2020","","","838","100% (7/7)","100% (7/7)","0% (0/0)","04V5WbVj2x","easy|challenging|similar","5"
"3P0I4CQYV0IYPETVOP48ZTV1KWEOW3","3IP45TONNI8XSIUTMJHDLVPKRVA8I7","Task Completion","Complete tasks based on your preferences","easy, research, microtasks","$0.25","Tue Feb 11 01:48:32 PST 2020","110","BatchId:3917248;OriginalHitTemplateId:928390828;","3600","345600","Mon Feb 17 15:59:59 PST 2020","","","3QAPZX2QN7OUW10YYMISA4FG2JW02P","A1NCIKNP38QAK6","Approved","Tue Feb 11 06:57:39 PST 2020","Tue Feb 11 07:05:05 PST 2020","Sat Feb 15 07:05:05 PST 2020","Sat Feb 15 07:05:46 PST 2020","","","446","100% (7/7)","100% (7/7)","0% (0/0)","VFXFENyIZT","easy","4"
"3P0I4CQYV0IYPETVOP48ZTV1KWEOW3","3IP45TONNI8XSIUTMJHDLVPKRVA8I7","Task Completion","Complete tasks based on your preferences","easy, research, microtasks","$0.25","Tue Feb 11 01:48:32 PST 2020","110","BatchId:3917248;OriginalHitTemplateId:928390828;","3600","345600","Mon Feb 17 15:59:59 PST 2020","","","3QAPZX2QN7OUW10YYMISA4FG3P320B","A27NJGBC0ZDZQW","Approved","Wed Feb 12 08:42:59 PST 2020","Wed Feb 12 08:50:38 PST 2020","Sun Feb 16 08:50:38 PST 2020","Sun Feb 16 08:51:14 PST 2020","","","459","100% (2/2)","100% (2/2)","0% (0/0)","0Jch8hJgGL","easy","3"
"3P0I4CQYV0IYPETVOP48ZTV1KWEOW3","3IP45TONNI8XSIUTMJHDLVPKRVA8I7","Task Completion","Complete tasks based on your preferences","easy, research, microtasks","$0.25","Tue Feb 11 01:48:32 PST 2020","110","BatchId:3917248;OriginalHitTemplateId:928390828;","3600","345600","Mon Feb 17 15:59:59 PST 2020","","","3QBD8R3Z24UP2W744L3RTK8WK07O4Y","A7QWSL1MOFVO7","Approved","Tue Feb 11 07:00:33 PST 2020","Tue Feb 11 07:22:14 PST 2020","Sat Feb 15 07:22:14 PST 2020","Sat Feb 15 07:22:46 PST 2020","","","1301","100% (6/6)","100% (6/6)","0% (0/0)","BBNip7LlLi","easy|challenging","4"
"3P0I4CQYV0IYPETVOP48ZTV1KWEOW3","3IP45TONNI8XSIUTMJHDLVPKRVA8I7","Task Completion","Complete tasks based on your preferences","easy, research, microtasks","$0.25","Tue Feb 11 01:48:32 PST 2020","110","BatchId:3917248;OriginalHitTemplateId:928390828;","3600","345600","Mon Feb 17 15:59:59 PST 2020","","","3QJOXOW4XM2JUVJLGB0RA2VI2PQMER","A1ZNHWL3R1SHBC","Approved","Tue Feb 11 07:39:40 PST 2020","Tue Feb 11 07:46:32 PST 2020","Sat Feb 15 07:46:32 PST 2020","Sat Feb 15 07:46:46 PST 2020","","","412","100% (6/6)","100% (6/6)","0% (0/0)","QwjDbuYCEG","easy","3"
"3P0I4CQYV0IYPETVOP48ZTV1KWEOW3","3IP45TONNI8XSIUTMJHDLVPKRVA8I7","Task Completion","Complete tasks based on your preferences","easy, research, microtasks","$0.25","Tue Feb 11 01:48:32 PST 2020","110","BatchId:3917248;OriginalHitTemplateId:928390828;","3600","345600","Mon Feb 17 15:59:59 PST 2020","","","3QY7M81QHAX3VS488R95PFBXRWHK7M","A20ETN0FA897XC","Approved","Tue Feb 11 05:58:00 PST 2020","Tue Feb 11 06:14:27 PST 2020","Sat Feb 15 06:14:27 PST 2020","Sat Feb 15 06:14:46 PST 2020","","","987","100% (5/5)","100% (5/5)","100% (3/3)","ARQedFzndh","challenging|similar","3"
"3P0I4CQYV0IYPETVOP48ZTV1KWEOW3","3IP45TONNI8XSIUTMJHDLVPKRVA8I7","Task Completion","Complete tasks based on your preferences","easy, research, microtasks","$0.25","Tue Feb 11 01:48:32 PST 2020","110","BatchId:3917248;OriginalHitTemplateId:928390828;","3600","345600","Mon Feb 17 15:59:59 PST 2020","","","3RRCEFRB7PN5J2IV0GY5N08XEGS4B9","A10MYO8NA13VEZ","Approved","Thu Feb 13 15:28:12 PST 2020","Thu Feb 13 15:34:09 PST 2020","Mon Feb 17 15:34:09 PST 2020","Mon Feb 17 15:34:14 PST 2020","","","357","100% (2/2)","100% (2/2)","100% (1/1)","VPbuvtty1C","easy","3"
"3P0I4CQYV0IYPETVOP48ZTV1KWEOW3","3IP45TONNI8XSIUTMJHDLVPKRVA8I7","Task Completion","Complete tasks based on your preferences","easy, research, microtasks","$0.25","Tue Feb 11 01:48:32 PST 2020","110","BatchId:3917248;OriginalHitTemplateId:928390828;","3600","345600","Mon Feb 17 15:59:59 PST 2020","","","3RXCAC0YIU02TKD8S5GW5NFZV0GG8E","AIFRN9GF0Q1ZI","Approved","Tue Feb 11 07:37:00 PST 2020","Tue Feb 11 08:23:23 PST 2020","Sat Feb 15 08:23:23 PST 2020","Sat Feb 15 08:23:46 PST 2020","","","2783","100% (6/6)","100% (6/6)","0% (0/0)","SHxOxOFvwx","challenging|similar","5"
"3P0I4CQYV0IYPETVOP48ZTV1KWEOW3","3IP45TONNI8XSIUTMJHDLVPKRVA8I7","Task Completion","Complete tasks based on your preferences","easy, research, microtasks","$0.25","Tue Feb 11 01:48:32 PST 2020","110","BatchId:3917248;OriginalHitTemplateId:928390828;","3600","345600","Mon Feb 17 15:59:59 PST 2020","","","3SBEHTYCWQEV4HALVXETPCGH3SVIY6","A3IT7C62W5QCYD","Approved","Tue Feb 11 09:57:20 PST 2020","Tue Feb 11 10:08:16 PST 2020","Sat Feb 15 10:08:16 PST 2020","Sat Feb 15 10:08:46 PST 2020","","","656","100% (6/6)","100% (6/6)","0% (0/0)","qPoGzUAbV0","similar","3"
"3P0I4CQYV0IYPETVOP48ZTV1KWEOW3","3IP45TONNI8XSIUTMJHDLVPKRVA8I7","Task Completion","Complete tasks based on your preferences","easy, research, microtasks","$0.25","Tue Feb 11 01:48:32 PST 2020","110","BatchId:3917248;OriginalHitTemplateId:928390828;","3600","345600","Mon Feb 17 15:59:59 PST 2020","","","3T3IWE1XG9YC4TZAYZW3QXFOG5YQT7","A1NO6ZM4D7A6AB","Approved","Wed Feb 12 06:37:47 PST 2020","Wed Feb 12 06:42:16 PST 2020","Sun Feb 16 06:42:16 PST 2020","Sun Feb 16 06:42:46 PST 2020","","","269","100% (7/7)","100% (7/7)","0% (0/0)","WP8RpauP66","easy|similar","3"
"3P0I4CQYV0IYPETVOP48ZTV1KWEOW3","3IP45TONNI8XSIUTMJHDLVPKRVA8I7","Task Completion","Complete tasks based on your preferences","easy, research, microtasks","$0.25","Tue Feb 11 01:48:32 PST 2020","110","BatchId:3917248;OriginalHitTemplateId:928390828;","3600","345600","Mon Feb 17 15:59:59 PST 2020","","","3TVSS0C0E4BHOQVWA8V9IMXA4DKWT0","A2GVB5SDUBN6GY","Approved","Thu Feb 13 09:58:03 PST 2020","Thu Feb 13 10:03:20 PST 2020","Mon Feb 17 10:03:20 PST 2020","Mon Feb 17 10:04:14 PST 2020","","","317","100% (3/3)","100% (3/3)","100% (2/2)","nCXStBFQ6b","easy","5"
"3P0I4CQYV0IYPETVOP48ZTV1KWEOW3","3IP45TONNI8XSIUTMJHDLVPKRVA8I7","Task Completion","Complete tasks based on your preferences","easy, research, microtasks","$0.25","Tue Feb 11 01:48:32 PST 2020","110","BatchId:3917248;OriginalHitTemplateId:928390828;","3600","345600","Mon Feb 17 15:59:59 PST 2020","","","3U84XHCDIFO110LB6UE89IF043L4ZP","AB4SWSQGKADYJ","Approved","Tue Feb 11 02:44:19 PST 2020","Tue Feb 11 02:49:51 PST 2020","Sat Feb 15 02:49:51 PST 2020","Sat Feb 15 02:50:46 PST 2020","","","332","100% (6/6)","100% (6/6)","0% (0/0)","0KTe0sGofX","easy|diverse","5"
"3P0I4CQYV0IYPETVOP48ZTV1KWEOW3","3IP45TONNI8XSIUTMJHDLVPKRVA8I7","Task Completion","Complete tasks based on your preferences","easy, research, microtasks","$0.25","Tue Feb 11 01:48:32 PST 2020","110","BatchId:3917248;OriginalHitTemplateId:928390828;","3600","345600","Mon Feb 17 15:59:59 PST 2020","","","3U8YCDAGXSRBOK2J0X8T6MDJJVQ0QW","A2QX7M306Z6ZJ7","Approved","Wed Feb 12 09:43:17 PST 2020","Wed Feb 12 09:55:59 PST 2020","Sun Feb 16 09:55:59 PST 2020","Sun Feb 16 09:56:14 PST 2020","","","762","100% (7/7)","100% (7/7)","0% (0/0)","WxqQtK4smj","similar","4"
"3P0I4CQYV0IYPETVOP48ZTV1KWEOW3","3IP45TONNI8XSIUTMJHDLVPKRVA8I7","Task Completion","Complete tasks based on your preferences","easy, research, microtasks","$0.25","Tue Feb 11 01:48:32 PST 2020","110","BatchId:3917248;OriginalHitTemplateId:928390828;","3600","345600","Mon Feb 17 15:59:59 PST 2020","","","3UOUJI6MTGPBD3FBKIH5P1XJVHEXUD","AQSK1671FL496","Approved","Tue Feb 11 09:16:20 PST 2020","Tue Feb 11 09:25:01 PST 2020","Sat Feb 15 09:25:01 PST 2020","Sat Feb 15 09:25:46 PST 2020","","","521","100% (7/7)","100% (7/7)","100% (2/2)","UpBnpF6jRQ","easy","4"
"3P0I4CQYV0IYPETVOP48ZTV1KWEOW3","3IP45TONNI8XSIUTMJHDLVPKRVA8I7","Task Completion","Complete tasks based on your preferences","easy, research, microtasks","$0.25","Tue Feb 11 01:48:32 PST 2020","110","BatchId:3917248;OriginalHitTemplateId:928390828;","3600","345600","Mon Feb 17 15:59:59 PST 2020","","","3UWN2HHPU1GQMW93T7ZWCYOX9CXNSU","A7GYCZ27UHKWX","Approved","Wed Feb 12 10:40:02 PST 2020","Wed Feb 12 10:50:46 PST 2020","Sun Feb 16 10:50:46 PST 2020","Sun Feb 16 10:51:14 PST 2020","","","644","100% (4/4)","100% (4/4)","100% (1/1)","2dDSBky1vz","easy","4"
"3P0I4CQYV0IYPETVOP48ZTV1KWEOW3","3IP45TONNI8XSIUTMJHDLVPKRVA8I7","Task Completion","Complete tasks based on your preferences","easy, research, microtasks","$0.25","Tue Feb 11 01:48:32 PST 2020","110","BatchId:3917248;OriginalHitTemplateId:928390828;","3600","345600","Mon Feb 17 15:59:59 PST 2020","","","3UWN2HHPU1GQMW93T7ZWCYOX9S8SN6","A1Q89Q9URVARUG","Approved","Sat Feb 15 04:09:35 PST 2020","Sat Feb 15 04:19:18 PST 2020","Wed Feb 19 04:19:18 PST 2020","Wed Feb 19 04:20:14 PST 2020","","","583","100% (7/7)","100% (7/7)","100% (5/5)","ZrmPFbOWyw","easy|challenging|diverse","5"
"3P0I4CQYV0IYPETVOP48ZTV1KWEOW3","3IP45TONNI8XSIUTMJHDLVPKRVA8I7","Task Completion","Complete tasks based on your preferences","easy, research, microtasks","$0.25","Tue Feb 11 01:48:32 PST 2020","110","BatchId:3917248;OriginalHitTemplateId:928390828;","3600","345600","Mon Feb 17 15:59:59 PST 2020","","","3VA45EW49QY8AXALH3KPVM1T9LHO1G","A3O5G4PAUHAVOI","Approved","Wed Feb 12 05:13:18 PST 2020","Wed Feb 12 05:21:30 PST 2020","Sun Feb 16 05:21:30 PST 2020","Sun Feb 16 05:21:46 PST 2020","","","492","100% (7/7)","100% (7/7)","0% (0/0)","ClvMzDOHJg","challenging|similar","5"
"3P0I4CQYV0IYPETVOP48ZTV1KWEOW3","3IP45TONNI8XSIUTMJHDLVPKRVA8I7","Task Completion","Complete tasks based on your preferences","easy, research, microtasks","$0.25","Tue Feb 11 01:48:32 PST 2020","110","BatchId:3917248;OriginalHitTemplateId:928390828;","3600","345600","Mon Feb 17 15:59:59 PST 2020","","","3VBEN272MNAKC4SH63M1MEF08VLSGR","A33Z2X2GR192YL","Approved","Tue Feb 11 11:16:23 PST 2020","Tue Feb 11 11:26:49 PST 2020","Sat Feb 15 11:26:49 PST 2020","Sat Feb 15 11:26:51 PST 2020","","","626","100% (7/7)","100% (7/7)","0% (0/0)","PZhZ5cflWK","easy|challenging|diverse","5"
"3P0I4CQYV0IYPETVOP48ZTV1KWEOW3","3IP45TONNI8XSIUTMJHDLVPKRVA8I7","Task Completion","Complete tasks based on your preferences","easy, research, microtasks","$0.25","Tue Feb 11 01:48:32 PST 2020","110","BatchId:3917248;OriginalHitTemplateId:928390828;","3600","345600","Mon Feb 17 15:59:59 PST 2020","","","3VHHR074H6SEFYMQTRL64FOCGXO7LG","A26T17KHYA5S3S","Approved","Tue Feb 11 06:13:51 PST 2020","Tue Feb 11 06:16:25 PST 2020","Sat Feb 15 06:16:25 PST 2020","Sat Feb 15 06:16:46 PST 2020","","","154","100% (7/7)","100% (7/7)","0% (0/0)","cyMlD17KPw","challenging","3"
"3P0I4CQYV0IYPETVOP48ZTV1KWEOW3","3IP45TONNI8XSIUTMJHDLVPKRVA8I7","Task Completion","Complete tasks based on your preferences","easy, research, microtasks","$0.25","Tue Feb 11 01:48:32 PST 2020","110","BatchId:3917248;OriginalHitTemplateId:928390828;","3600","345600","Mon Feb 17 15:59:59 PST 2020","","","3W2LOLRXLEQDDBONH57BUW2XS8AKRK","A32A1D3VE1IQKS","Approved","Tue Feb 11 05:43:21 PST 2020","Tue Feb 11 05:52:08 PST 2020","Sat Feb 15 05:52:08 PST 2020","Sat Feb 15 05:52:46 PST 2020","","","527","100% (7/7)","100% (7/7)","0% (0/0)","baU6KsL1qX","similar","3"
"3P0I4CQYV0IYPETVOP48ZTV1KWEOW3","3IP45TONNI8XSIUTMJHDLVPKRVA8I7","Task Completion","Complete tasks based on your preferences","easy, research, microtasks","$0.25","Tue Feb 11 01:48:32 PST 2020","110","BatchId:3917248;OriginalHitTemplateId:928390828;","3600","345600","Mon Feb 17 15:59:59 PST 2020","","","3WQ3B2KGEBROR3LCDYF3P21U2KYB1V","A5JVR3MIY6ZU7","Approved","Tue Feb 11 17:59:55 PST 2020","Tue Feb 11 18:11:13 PST 2020","Sat Feb 15 18:11:13 PST 2020","Sat Feb 15 18:11:46 PST 2020","","","678","100% (5/5)","100% (5/5)","0% (0/0)","EVESwRc8Uu","easy","3"
"3P0I4CQYV0IYPETVOP48ZTV1KWEOW3","3IP45TONNI8XSIUTMJHDLVPKRVA8I7","Task Completion","Complete tasks based on your preferences","easy, research, microtasks","$0.25","Tue Feb 11 01:48:32 PST 2020","110","BatchId:3917248;OriginalHitTemplateId:928390828;","3600","345600","Mon Feb 17 15:59:59 PST 2020","","","3X1FV8S5J0204W9L0YR6X1Z77KUVGK","A3MC4FJOC2UVYJ","Approved","Sat Feb 15 07:25:59 PST 2020","Sat Feb 15 07:44:17 PST 2020","Wed Feb 19 07:44:17 PST 2020","Wed Feb 19 07:45:14 PST 2020","","","1098","100% (5/5)","100% (5/5)","100% (3/3)","BV1erxiT0f","challenging","5"
"3P0I4CQYV0IYPETVOP48ZTV1KWEOW3","3IP45TONNI8XSIUTMJHDLVPKRVA8I7","Task Completion","Complete tasks based on your preferences","easy, research, microtasks","$0.25","Tue Feb 11 01:48:32 PST 2020","110","BatchId:3917248;OriginalHitTemplateId:928390828;","3600","345600","Mon Feb 17 15:59:59 PST 2020","","","3X65QVEQI3YKRFHMK8THK1GQID3LCM","A2U9UDH0HUYH3U","Approved","Wed Feb 12 05:13:39 PST 2020","Wed Feb 12 05:58:12 PST 2020","Sun Feb 16 05:58:12 PST 2020","Sun Feb 16 05:58:46 PST 2020","","","2673","100% (7/7)","100% (7/7)","0% (0/0)","SIXTyOioZ8","challenging|similar","4"
"3P0I4CQYV0IYPETVOP48ZTV1KWEOW3","3IP45TONNI8XSIUTMJHDLVPKRVA8I7","Task Completion","Complete tasks based on your preferences","easy, research, microtasks","$0.25","Tue Feb 11 01:48:32 PST 2020","110","BatchId:3917248;OriginalHitTemplateId:928390828;","3600","345600","Mon Feb 17 15:59:59 PST 2020","","","3XLBSAQ9Z7NYKN3U8SCFCUZAWGIZ7Y","ALWIVW72RVB5E","Approved","Thu Feb 13 04:15:43 PST 2020","Thu Feb 13 04:41:31 PST 2020","Mon Feb 17 04:41:31 PST 2020","Mon Feb 17 04:42:14 PST 2020","","","1548","100% (5/5)","100% (5/5)","100% (4/4)","QloNSAk5HH","diverse","5"
"3P0I4CQYV0IYPETVOP48ZTV1KWEOW3","3IP45TONNI8XSIUTMJHDLVPKRVA8I7","Task Completion","Complete tasks based on your preferences","easy, research, microtasks","$0.25","Tue Feb 11 01:48:32 PST 2020","110","BatchId:3917248;OriginalHitTemplateId:928390828;","3600","345600","Mon Feb 17 15:59:59 PST 2020","","","3Y54SXRO1OW4WM6RF8G80YCDJVXTUI","A2G2S14YIRXEKP","Approved","Thu Feb 13 05:02:58 PST 2020","Thu Feb 13 05:43:00 PST 2020","Mon Feb 17 05:43:00 PST 2020","Mon Feb 17 05:43:18 PST 2020","","","2402","100% (6/6)","100% (6/6)","100% (3/3)","A5uh02qfME","easy|diverse","4"
"3P0I4CQYV0IYPETVOP48ZTV1KWEOW3","3IP45TONNI8XSIUTMJHDLVPKRVA8I7","Task Completion","Complete tasks based on your preferences","easy, research, microtasks","$0.25","Tue Feb 11 01:48:32 PST 2020","110","BatchId:3917248;OriginalHitTemplateId:928390828;","3600","345600","Mon Feb 17 15:59:59 PST 2020","","","3YW4XOSQKTW3N2UIDPWYUSTIR6PU1H","AZSIQOEHMFQ4J","Approved","Tue Feb 11 20:46:58 PST 2020","Tue Feb 11 20:55:45 PST 2020","Sat Feb 15 20:55:45 PST 2020","Sat Feb 15 20:55:46 PST 2020","","","527","100% (7/7)","100% (7/7)","0% (0/0)","HnS80YFsYw","easy|similar","4"
"3P0I4CQYV0IYPETVOP48ZTV1KWEOW3","3IP45TONNI8XSIUTMJHDLVPKRVA8I7","Task Completion","Complete tasks based on your preferences","easy, research, microtasks","$0.25","Tue Feb 11 01:48:32 PST 2020","110","BatchId:3917248;OriginalHitTemplateId:928390828;","3600","345600","Mon Feb 17 15:59:59 PST 2020","","","3Z4AIRP3C9OV46ODIU7LEZSMLSW1XE","ATJYRPD1X80EY","Approved","Wed Feb 12 17:12:26 PST 2020","Wed Feb 12 17:26:52 PST 2020","Sun Feb 16 17:26:52 PST 2020","Sun Feb 16 17:27:14 PST 2020","","","866","100% (7/7)","100% (7/7)","0% (0/0)","TSEMJfwjqS","easy","5"
"3P0I4CQYV0IYPETVOP48ZTV1KWEOW3","3IP45TONNI8XSIUTMJHDLVPKRVA8I7","Task Completion","Complete tasks based on your preferences","easy, research, microtasks","$0.25","Tue Feb 11 01:48:32 PST 2020","110","BatchId:3917248;OriginalHitTemplateId:928390828;","3600","345600","Mon Feb 17 15:59:59 PST 2020","","","3Z7EFSHGNCPFR9YBYRW5VVBDOGWXCQ","A1UGBF713D1AGZ","Approved","Tue Feb 11 01:50:08 PST 2020","Tue Feb 11 02:00:08 PST 2020","Sat Feb 15 02:00:08 PST 2020","Sat Feb 15 02:00:46 PST 2020","","","600","100% (7/7)","100% (7/7)","0% (0/0)","yl8F6FPtm7","similar","5"
"3P0I4CQYV0IYPETVOP48ZTV1KWEOW3","3IP45TONNI8XSIUTMJHDLVPKRVA8I7","Task Completion","Complete tasks based on your preferences","easy, research, microtasks","$0.25","Tue Feb 11 01:48:32 PST 2020","110","BatchId:3917248;OriginalHitTemplateId:928390828;","3600","345600","Mon Feb 17 15:59:59 PST 2020","","","3Z7EFSHGNCPFR9YBYRW5VVBDOHXXCT","A3Q84IRO57KUVU","Approved","Tue Feb 11 07:46:39 PST 2020","Tue Feb 11 08:02:08 PST 2020","Sat Feb 15 08:02:08 PST 2020","Sat Feb 15 08:02:46 PST 2020","","","929","100% (6/6)","100% (6/6)","0% (0/0)","b8XAQI622N","similar","4"
"3P0I4CQYV0IYPETVOP48ZTV1KWEOW3","3IP45TONNI8XSIUTMJHDLVPKRVA8I7","Task Completion","Complete tasks based on your preferences","easy, research, microtasks","$0.25","Tue Feb 11 01:48:32 PST 2020","110","BatchId:3917248;OriginalHitTemplateId:928390828;","3600","345600","Mon Feb 17 15:59:59 PST 2020","","","3Z7VU45IP1SK91OSJCV6BK8XTOV1Z4","A3813SWFH1OWNO","Approved","Tue Feb 11 19:29:00 PST 2020","Tue Feb 11 19:35:19 PST 2020","Sat Feb 15 19:35:19 PST 2020","Sat Feb 15 19:35:46 PST 2020","","","379","100% (7/7)","100% (7/7)","0% (0/0)","Pbez6pCg6M","easy|similar","5"
"3P0I4CQYV0IYPETVOP48ZTV1KWEOW3","3IP45TONNI8XSIUTMJHDLVPKRVA8I7","Task Completion","Complete tasks based on your preferences","easy, research, microtasks","$0.25","Tue Feb 11 01:48:32 PST 2020","110","BatchId:3917248;OriginalHitTemplateId:928390828;","3600","345600","Mon Feb 17 15:59:59 PST 2020","","","3ZAK8W07I7P3GD90H6SYGNA8MXDU0A","AMK5G3916QF5N","Approved","Sat Feb 15 12:09:39 PST 2020","Sat Feb 15 12:26:06 PST 2020","Wed Feb 19 12:26:06 PST 2020","Wed Feb 19 12:26:14 PST 2020","","","987","100% (4/4)","100% (4/4)","100% (2/2)","XHaOwdvazP","easy|challenging|diverse","5"
"3P0I4CQYV0IYPETVOP48ZTV1KWEOW3","3IP45TONNI8XSIUTMJHDLVPKRVA8I7","Task Completion","Complete tasks based on your preferences","easy, research, microtasks","$0.25","Tue Feb 11 01:48:32 PST 2020","110","BatchId:3917248;OriginalHitTemplateId:928390828;","3600","345600","Mon Feb 17 15:59:59 PST 2020","","","3ZR9AIQJUEK4ZFFL201G3JCENJV401","A28WCJD7SBQX3M","Approved","Sat Feb 15 04:29:59 PST 2020","Sat Feb 15 04:46:49 PST 2020","Wed Feb 19 04:46:49 PST 2020","Wed Feb 19 04:47:14 PST 2020","","","1010","100% (5/5)","100% (5/5)","100% (3/3)","PpEVumnCQh","easy","4"
"3P0I4CQYV0IYPETVOP48ZTV1KWEOW3","3IP45TONNI8XSIUTMJHDLVPKRVA8I7","Task Completion","Complete tasks based on your preferences","easy, research, microtasks","$0.25","Tue Feb 11 01:48:32 PST 2020","110","BatchId:3917248;OriginalHitTemplateId:928390828;","3600","345600","Mon Feb 17 15:59:59 PST 2020","","","3ZSY5X72N0MW3292FXZ41DJ6DJ8OR9","AWIG92ISYM93N","Approved","Wed Feb 12 04:40:21 PST 2020","Wed Feb 12 04:51:14 PST 2020","Sun Feb 16 04:51:14 PST 2020","Sun Feb 16 04:51:46 PST 2020","","","653","100% (7/7)","100% (7/7)","0% (0/0)","mKCqdvIFuP","challenging","5"
"3P0I4CQYV0IYPETVOP48ZTV1KWEOW3","3IP45TONNI8XSIUTMJHDLVPKRVA8I7","Task Completion","Complete tasks based on your preferences","easy, research, microtasks","$0.25","Tue Feb 11 01:48:32 PST 2020","110","BatchId:3917248;OriginalHitTemplateId:928390828;","3600","345600","Mon Feb 17 15:59:59 PST 2020","","","3ZSY5X72N0MW3292FXZ41DJ6DKVORY","A3325LLTO594TG","Approved","Wed Feb 12 08:02:26 PST 2020","Wed Feb 12 08:09:38 PST 2020","Sun Feb 16 08:09:38 PST 2020","Sun Feb 16 08:09:46 PST 2020","","","432","100% (6/6)","100% (6/6)","0% (0/0)","S3FA3ws6Lq","diverse","5"
"3P0I4CQYV0IYPETVOP48ZTV1KWEOW3","3IP45TONNI8XSIUTMJHDLVPKRVA8I7","Task Completion","Complete tasks based on your preferences","easy, research, microtasks","$0.25","Tue Feb 11 01:48:32 PST 2020","110","BatchId:3917248;OriginalHitTemplateId:928390828;","3600","345600","Mon Feb 17 15:59:59 PST 2020","","","3ZV9H2YQQGICP9X2VTPI09TCA5Z3W0","A3FPBA6Z1ZBVZE","Approved","Tue Feb 11 18:38:51 PST 2020","Tue Feb 11 18:45:35 PST 2020","Sat Feb 15 18:45:35 PST 2020","Sat Feb 15 18:45:46 PST 2020","","","404","100% (7/7)","100% (7/7)","0% (0/0)","P5ZSYdeG1E","challenging","3"